metric_type,n_samples,rmse,mae,mape,r2,nse,mean_error,std_error,min_error,max_error,abs_error_p25,abs_error_p50,abs_error_p75,abs_error_p95
overall,742867,1.2653134496921266,0.7894114660761349,0.2453843193988203,0.9923199096570816,0.9923198819160461,0.14398936424959238,1.2570939459542345,-14.6895751953125,38.596649169921875,0.286376953125,0.600341796875,1.063812255859375,2.076193237304686
1d_nodes,3383,11.524678916988883,7.185940752923048,2.253946536628692,0.5337534080088373,0.5337533950805664,,,,,,,,
2d_nodes,739484,1.0003619977024585,0.7601485495324326,0.2361955256170906,0.9951706813784014,0.9951706528663635,,,,,,,,
