metric_type,n_samples,rmse,mae,mape,r2,mean_error,std_error,min_error,max_error,abs_error_p25,abs_error_p50,abs_error_p75,abs_error_p95
overall,33529806,0.8822828249796161,0.6429386621717499,0.20353826008651407,0.9962544661603633,-0.4221191972926387,0.7747505188969092,-17.00665283203125,5.292449951171875,0.151580810546875,0.45562744140625,1.0035400390625,1.79730224609375
1d_nodes,152694,1.2235279360178597,0.7331990977205637,0.23205845028389926,0.9947486489022632,,,,,,,,
2d_nodes,33377112,0.8804178181273933,0.6425257376818871,0.20340778558884026,0.9962476916510867,,,,,,,,
