metric_type,n_samples,rmse,mae,mape,r2,nse,mean_error,std_error,min_error,max_error,abs_error_p25,abs_error_p50,abs_error_p75,abs_error_p95
overall,33529806,0.9594384690274942,0.7338599662081619,0.23146096804741215,0.9955707282108133,0.995570719242096,-0.2043519694794686,0.9374233026865095,-6.62677001953125,5.59600830078125,0.221649169921875,0.59326171875,1.107666015625,1.907867431640625
1d_nodes,152694,0.6766722608399864,0.537801601226991,0.17732457320526923,0.9983937985144973,0.9983937740325928,,,,,,,,
2d_nodes,33377112,0.9605408123476634,0.7347568962955353,0.23170863185589377,0.9955336524212308,0.9955336451530457,,,,,,,,
