batch_idx,total_samples,n_1d,n_2d,input_min,input_max,input_mean,input_std,target_min,target_max,target_mean,target_std
0,16,16,0,-0.35571423172950745,1.3230689764022827,0.09558238089084625,0.3672599196434021,-0.815533459186554,-0.7847040891647339,-0.7992984652519226,0.01117695216089487
1,16,16,0,-0.35571423172950745,1.3230689764022827,0.09558238089084625,0.3672599196434021,-0.9444798231124878,-0.7875086069107056,-0.91093510389328,0.04632032662630081
2,16,16,0,-0.35571423172950745,1.3230689764022827,0.09558238089084625,0.3672599196434021,-0.9498493075370789,-0.9453051686286926,-0.9481496810913086,0.0014237860450521111
